{"cameraMode":{"drawMode":0,"name":"Shaded","section":"Shading Mode"},"sceneLighting":true,"audioPlay":false,"sceneViewState":{"showFog":true,"showMaterialUpdate":true,"showSkybox":true,"showFlares":true,"showImageEffects":true,"showParticleSystems":true},"in2DMode":false,"pivot":{"x":259.5158386230469,"y":21.2763614654541,"z":166.93690490722657},"rotation":{"x":-0.001206904649734497,"y":0.9757100939750671,"z":-0.0051854015327990059,"w":-0.21964281797409059},"size":1.4208292961120606,"orthographic":false}