{"cameraMode":{"drawMode":0,"name":"Shaded","section":"Shading Mode"},"sceneLighting":true,"audioPlay":false,"sceneViewState":{"showFog":true,"showMaterialUpdate":true,"showSkybox":true,"showFlares":true,"showImageEffects":true,"showParticleSystems":true},"in2DMode":false,"pivot":{"x":252.76707458496095,"y":18.72150230407715,"z":161.96484375},"rotation":{"x":0.0135218920186162,"y":-0.9866735935211182,"z":0.1092754378914833,"w":0.12045790255069733},"size":11.408214569091797,"orthographic":false}