{"cameraMode":{"drawMode":0,"name":"Shaded","section":"Shading Mode"},"sceneLighting":true,"audioPlay":false,"sceneViewState":{"showFog":true,"showMaterialUpdate":true,"showSkybox":true,"showFlares":true,"showImageEffects":true,"showParticleSystems":true},"in2DMode":false,"pivot":{"x":220.54701232910157,"y":18.06426429748535,"z":169.70053100585938},"rotation":{"x":0.06795753538608551,"y":-0.5688897967338562,"z":0.04807716980576515,"w":0.8184201717376709},"size":20.270980834960939,"orthographic":false}