{"cameraMode":{"drawMode":0,"name":"Shaded","section":"Shading Mode"},"sceneLighting":true,"audioPlay":false,"sceneViewState":{"showFog":true,"showMaterialUpdate":true,"showSkybox":true,"showFlares":true,"showImageEffects":true,"showParticleSystems":true},"in2DMode":false,"pivot":{"x":452.3145751953125,"y":276.45025634765627,"z":-12.56805419921875},"rotation":{"x":-0.0358160100877285,"y":-0.09877435117959976,"z":-0.003557406598702073,"w":0.9944590330123901},"size":569.2455444335938,"orthographic":false}