{"cameraMode":{"drawMode":0,"name":"Shaded","section":"Shading Mode"},"sceneLighting":true,"audioPlay":false,"sceneViewState":{"showFog":true,"showMaterialUpdate":true,"showSkybox":true,"showFlares":true,"showImageEffects":true,"showParticleSystems":true},"in2DMode":false,"pivot":{"x":259.0464782714844,"y":21.07378387451172,"z":174.4324188232422},"rotation":{"x":0.08822953701019287,"y":-0.5291551947593689,"z":0.055460430681705478,"w":0.8421496748924255},"size":1.5245792865753174,"orthographic":false}