{"cameraMode":{"drawMode":0,"name":"Shaded","section":"Shading Mode"},"sceneLighting":false,"audioPlay":false,"sceneViewState":{"showFog":true,"showMaterialUpdate":true,"showSkybox":false,"showFlares":true,"showImageEffects":true,"showParticleSystems":true},"in2DMode":false,"pivot":{"x":-22.79717445373535,"y":1.609208106994629,"z":-13.97437858581543},"rotation":{"x":0.10734882950782776,"y":0.7054318785667419,"z":-0.10942881554365158,"w":0.6920114755630493},"size":1.1068568229675294,"orthographic":false}