{"cameraMode":{"drawMode":0,"name":"Shaded","section":"Shading Mode"},"sceneLighting":true,"audioPlay":false,"sceneViewState":{"showFog":true,"showMaterialUpdate":true,"showSkybox":true,"showFlares":true,"showImageEffects":true,"showParticleSystems":true},"in2DMode":false,"pivot":{"x":234.69078063964845,"y":21.532596588134767,"z":156.7361297607422},"rotation":{"x":-0.045931000262498859,"y":0.4443458616733551,"z":-0.02281927689909935,"w":-0.8943877220153809},"size":1.578952670097351,"orthographic":false}