{"cameraMode":{"drawMode":0,"name":"Shaded","section":"Shading Mode"},"sceneLighting":true,"audioPlay":false,"sceneViewState":{"showFog":true,"showMaterialUpdate":true,"showSkybox":true,"showFlares":true,"showImageEffects":true,"showParticleSystems":true},"in2DMode":false,"pivot":{"x":219.55592346191407,"y":22.05190658569336,"z":178.42718505859376},"rotation":{"x":0.05878930538892746,"y":0.7397722005844116,"z":-0.06519243121147156,"w":0.6671090722084045},"size":3.5333871841430666,"orthographic":false}