{"cameraMode":{"drawMode":0,"name":"Shaded","section":"Shading Mode"},"sceneLighting":true,"audioPlay":false,"sceneViewState":{"showFog":true,"showMaterialUpdate":true,"showSkybox":true,"showFlares":true,"showImageEffects":true,"showParticleSystems":true},"in2DMode":false,"pivot":{"x":232.88485717773438,"y":20.693904876708986,"z":158.86532592773438},"rotation":{"x":-0.16151997447013856,"y":-0.08927596360445023,"z":0.014659615233540535,"w":-0.9827477335929871},"size":4.72239875793457,"orthographic":false}