{"cameraMode":{"drawMode":0,"name":"Shaded","section":"Shading Mode"},"sceneLighting":true,"audioPlay":false,"sceneViewState":{"showFog":true,"showMaterialUpdate":true,"showSkybox":true,"showFlares":true,"showImageEffects":true,"showParticleSystems":true},"in2DMode":false,"pivot":{"x":251.8257598876953,"y":19.29683494567871,"z":175.66627502441407},"rotation":{"x":-0.1112176924943924,"y":0.6571791768074036,"z":-0.09892532229423523,"w":-0.7389329671859741},"size":9.059552192687989,"orthographic":false}