{"cameraMode":{"drawMode":0,"name":"Shaded","section":"Shading Mode"},"sceneLighting":true,"audioPlay":false,"sceneViewState":{"showFog":true,"showMaterialUpdate":true,"showSkybox":true,"showFlares":true,"showImageEffects":true,"showParticleSystems":true},"in2DMode":false,"pivot":{"x":236.74423217773438,"y":21.38240623474121,"z":160.46495056152345},"rotation":{"x":0.021193239837884904,"y":-0.5402255654335022,"z":-0.013611900620162487,"w":-0.8411519527435303},"size":4.2599406242370609,"orthographic":false}