{"cameraMode":{"drawMode":0,"name":"Shaded","section":"Shading Mode"},"sceneLighting":false,"audioPlay":false,"sceneViewState":{"showFog":true,"showMaterialUpdate":true,"showSkybox":false,"showFlares":true,"showImageEffects":true,"showParticleSystems":true},"in2DMode":false,"pivot":{"x":-1.165424108505249,"y":1.3604118824005128,"z":-1.5109710693359376},"rotation":{"x":-0.02142314240336418,"y":-0.9084508419036865,"z":-0.04700292646884918,"w":0.4148521423339844},"size":4.176245212554932,"orthographic":false}