{"cameraMode":{"drawMode":0,"name":"Shaded","section":"Shading Mode"},"sceneLighting":true,"audioPlay":false,"sceneViewState":{"showFog":true,"showMaterialUpdate":true,"showSkybox":true,"showFlares":true,"showImageEffects":true,"showParticleSystems":true},"in2DMode":false,"pivot":{"x":258.09893798828127,"y":20.884231567382814,"z":158.0121307373047},"rotation":{"x":0.012155095115303994,"y":0.9854785799980164,"z":-0.1492532193660736,"w":0.08029568195343018},"size":8.133196830749512,"orthographic":false}