{"cameraMode":{"drawMode":0,"name":"Shaded","section":"Shading Mode"},"sceneLighting":true,"audioPlay":false,"sceneViewState":{"showFog":true,"showMaterialUpdate":true,"showSkybox":true,"showFlares":true,"showImageEffects":true,"showParticleSystems":true},"in2DMode":false,"pivot":{"x":277.2679138183594,"y":21.84439468383789,"z":165.4123992919922},"rotation":{"x":-0.002178705995902419,"y":0.5867124199867249,"z":0.0015782309928908945,"w":0.8097920417785645},"size":10.0,"orthographic":false}