{"cameraMode":{"drawMode":0,"name":"Shaded","section":"Shading Mode"},"sceneLighting":true,"audioPlay":false,"sceneViewState":{"showFog":true,"showMaterialUpdate":true,"showSkybox":true,"showFlares":true,"showImageEffects":true,"showParticleSystems":true},"in2DMode":false,"pivot":{"x":273.97100830078127,"y":17.487939834594728,"z":126.43276977539063},"rotation":{"x":-0.0037302973214536907,"y":-0.9963049292564392,"z":0.05924765020608902,"w":-0.06255395710468292},"size":35.75432586669922,"orthographic":false}