{"cameraMode":{"drawMode":0,"name":"Shaded","section":"Shading Mode"},"sceneLighting":true,"audioPlay":false,"sceneViewState":{"showFog":true,"showMaterialUpdate":true,"showSkybox":true,"showFlares":true,"showImageEffects":true,"showParticleSystems":true},"in2DMode":false,"pivot":{"x":229.66522216796876,"y":21.29047393798828,"z":156.0215606689453},"rotation":{"x":0.013924871571362019,"y":-0.7303265929222107,"z":0.014903727918863297,"w":0.6828269958496094},"size":4.4695210456848148,"orthographic":false}