{"cameraMode":{"drawMode":0,"name":"Shaded","section":"Shading Mode"},"sceneLighting":true,"audioPlay":false,"sceneViewState":{"showFog":true,"showMaterialUpdate":true,"showSkybox":true,"showFlares":true,"showImageEffects":true,"showParticleSystems":true},"in2DMode":false,"pivot":{"x":230.8080596923828,"y":18.382282257080079,"z":157.9744110107422},"rotation":{"x":-0.04116879776120186,"y":0.9584004878997803,"z":-0.18421871960163117,"w":-0.21420766413211823},"size":8.431658744812012,"orthographic":false}