{"cameraMode":{"drawMode":0,"name":"Shaded","section":"Shading Mode"},"sceneLighting":true,"audioPlay":false,"sceneViewState":{"showFog":true,"showMaterialUpdate":true,"showSkybox":true,"showFlares":true,"showImageEffects":true,"showParticleSystems":true},"in2DMode":false,"pivot":{"x":258.0897216796875,"y":21.309951782226564,"z":172.98590087890626},"rotation":{"x":-0.1589449793100357,"y":-0.14545410871505738,"z":0.023734688758850099,"w":-0.9762813448905945},"size":3.2987465858459474,"orthographic":false}