{"cameraMode":{"drawMode":0,"name":"Shaded","section":"Shading Mode"},"sceneLighting":true,"audioPlay":false,"sceneViewState":{"showFog":true,"showMaterialUpdate":true,"showSkybox":true,"showFlares":true,"showImageEffects":true,"showParticleSystems":true},"in2DMode":false,"pivot":{"x":232.94534301757813,"y":20.678348541259767,"z":171.11117553710938},"rotation":{"x":-0.02309640310704708,"y":0.10982944816350937,"z":-0.0033478192053735258,"w":-0.9938564896583557},"size":10.435056686401368,"orthographic":false}