{"cameraMode":{"drawMode":0,"name":"Shaded","section":"Shading Mode"},"sceneLighting":true,"audioPlay":false,"sceneViewState":{"showFog":true,"showMaterialUpdate":true,"showSkybox":true,"showFlares":true,"showImageEffects":true,"showParticleSystems":true},"in2DMode":false,"pivot":{"x":252.55267333984376,"y":21.636533737182618,"z":169.0723876953125},"rotation":{"x":-0.023308686912059785,"y":-0.9427773952484131,"z":0.06742331385612488,"w":-0.3257729709148407},"size":2.19452166557312,"orthographic":false}