{"cameraMode":{"drawMode":0,"name":"Shaded","section":"Shading Mode"},"sceneLighting":true,"audioPlay":false,"sceneViewState":{"showFog":true,"showMaterialUpdate":true,"showSkybox":true,"showFlares":true,"showImageEffects":true,"showParticleSystems":true},"in2DMode":false,"pivot":{"x":284.1076354980469,"y":13.10669994354248,"z":162.84568786621095},"rotation":{"x":0.15140807628631593,"y":0.7066143155097961,"z":-0.15905243158340455,"w":0.6726735830307007},"size":22.870540618896486,"orthographic":false}