{"cameraMode":{"drawMode":0,"name":"Shaded","section":"Shading Mode"},"sceneLighting":true,"audioPlay":false,"sceneViewState":{"showFog":true,"showMaterialUpdate":true,"showSkybox":true,"showFlares":true,"showImageEffects":true,"showParticleSystems":true},"in2DMode":false,"pivot":{"x":258.67742919921877,"y":21.0560302734375,"z":174.67169189453126},"rotation":{"x":-0.08628401905298233,"y":0.705733597278595,"z":-0.08840297907590866,"w":-0.6978892087936401},"size":1.5789521932601929,"orthographic":false}