{"cameraMode":{"drawMode":0,"name":"Shaded","section":"Shading Mode"},"sceneLighting":true,"audioPlay":false,"sceneViewState":{"showFog":true,"showMaterialUpdate":true,"showSkybox":true,"showFlares":true,"showImageEffects":true,"showParticleSystems":true},"in2DMode":false,"pivot":{"x":253.55072021484376,"y":17.540870666503908,"z":173.122314453125},"rotation":{"x":0.15946060419082642,"y":-0.7650106549263,"z":0.20760715007781983,"w":0.5886804461479187},"size":8.467631340026856,"orthographic":false}