{"cameraMode":{"drawMode":0,"name":"Shaded","section":"Shading Mode"},"sceneLighting":false,"audioPlay":false,"sceneViewState":{"showFog":true,"showMaterialUpdate":true,"showSkybox":false,"showFlares":true,"showImageEffects":true,"showParticleSystems":true},"in2DMode":false,"pivot":{"x":7.367515563964844,"y":1.2684988975524903,"z":11.905029296875},"rotation":{"x":0.059200260788202289,"y":-0.0589790940284729,"z":0.003342405194416642,"w":0.9965740442276001},"size":5.551681041717529,"orthographic":false}