{"cameraMode":{"drawMode":0,"name":"Shaded","section":"Shading Mode"},"sceneLighting":true,"audioPlay":false,"sceneViewState":{"showFog":true,"showMaterialUpdate":true,"showSkybox":true,"showFlares":true,"showImageEffects":true,"showParticleSystems":true},"in2DMode":false,"pivot":{"x":254.6990509033203,"y":21.04294204711914,"z":162.28848266601563},"rotation":{"x":-0.00007444033690262586,"y":0.9984197020530701,"z":-0.05729284882545471,"w":-0.016831232234835626},"size":1.4214476346969605,"orthographic":false}