{"cameraMode":{"drawMode":0,"name":"Shaded","section":"Shading Mode"},"sceneLighting":true,"audioPlay":false,"sceneViewState":{"showFog":true,"showMaterialUpdate":true,"showSkybox":true,"showFlares":true,"showImageEffects":true,"showParticleSystems":true},"in2DMode":false,"pivot":{"x":240.9658966064453,"y":21.2539119720459,"z":163.5537109375},"rotation":{"x":-0.09954383224248886,"y":-0.426139771938324,"z":0.04722382128238678,"w":-0.8979575634002686},"size":3.6355509757995607,"orthographic":false}