{"cameraMode":{"drawMode":0,"name":"Shaded","section":"Shading Mode"},"sceneLighting":true,"audioPlay":false,"sceneViewState":{"showFog":true,"showMaterialUpdate":true,"showSkybox":true,"showFlares":true,"showImageEffects":true,"showParticleSystems":true},"in2DMode":false,"pivot":{"x":257.39813232421877,"y":20.666339874267579,"z":174.87692260742188},"rotation":{"x":0.08533681929111481,"y":-0.6876646876335144,"z":0.08302945643663407,"w":0.7164586782455444},"size":3.4552252292633058,"orthographic":false}