{"cameraMode":{"drawMode":0,"name":"Shaded","section":"Shading Mode"},"sceneLighting":true,"audioPlay":false,"sceneViewState":{"showFog":true,"showMaterialUpdate":true,"showSkybox":true,"showFlares":true,"showImageEffects":true,"showParticleSystems":true},"in2DMode":false,"pivot":{"x":233.1971435546875,"y":20.720630645751954,"z":158.8882293701172},"rotation":{"x":-0.04947768524289131,"y":-0.1115310788154602,"z":0.005559928249567747,"w":-0.9925132393836975},"size":4.2599406242370609,"orthographic":false}