{"cameraMode":{"drawMode":0,"name":"Shaded","section":"Shading Mode"},"sceneLighting":true,"audioPlay":false,"sceneViewState":{"showFog":true,"showMaterialUpdate":true,"showSkybox":true,"showFlares":true,"showImageEffects":true,"showParticleSystems":true},"in2DMode":false,"pivot":{"x":252.08592224121095,"y":20.23453712463379,"z":176.44351196289063},"rotation":{"x":0.038030073046684268,"y":-0.555422306060791,"z":0.025546882301568986,"w":0.8304882645606995},"size":8.467631340026856,"orthographic":false}