{"cameraMode":{"drawMode":0,"name":"Shaded","section":"Shading Mode"},"sceneLighting":false,"audioPlay":false,"sceneViewState":{"showFog":true,"showMaterialUpdate":true,"showSkybox":false,"showFlares":true,"showImageEffects":true,"showParticleSystems":true},"in2DMode":false,"pivot":{"x":1.0495905876159669,"y":0.6621385812759399,"z":-3.3629648685455324},"rotation":{"x":-0.14973324537277223,"y":0.7805113196372986,"z":-0.20403896272182465,"w":-0.5719077587127686},"size":0.8030981421470642,"orthographic":false}