{"cameraMode":{"drawMode":0,"name":"Shaded","section":"Shading Mode"},"sceneLighting":true,"audioPlay":false,"sceneViewState":{"showFog":true,"showMaterialUpdate":true,"showSkybox":true,"showFlares":true,"showImageEffects":true,"showParticleSystems":true},"in2DMode":false,"pivot":{"x":259.1165771484375,"y":21.449562072753908,"z":167.56460571289063},"rotation":{"x":-0.00011071564222220331,"y":-0.9990711808204651,"z":0.045813072472810748,"w":-0.004171561915427446},"size":1.4208292961120606,"orthographic":false}