{"cameraMode":{"drawMode":0,"name":"Shaded","section":"Shading Mode"},"sceneLighting":true,"audioPlay":false,"sceneViewState":{"showFog":true,"showMaterialUpdate":true,"showSkybox":true,"showFlares":true,"showImageEffects":true,"showParticleSystems":true},"in2DMode":false,"pivot":{"x":255.76998901367188,"y":23.31800079345703,"z":171.2270050048828},"rotation":{"x":0.012155095115303994,"y":0.9854785799980164,"z":-0.1492532193660736,"w":0.08029568195343018},"size":120.0311279296875,"orthographic":false}