{"cameraMode":{"drawMode":0,"name":"Shaded","section":"Shading Mode"},"sceneLighting":true,"audioPlay":false,"sceneViewState":{"showFog":true,"showMaterialUpdate":true,"showSkybox":true,"showFlares":true,"showImageEffects":true,"showParticleSystems":true},"in2DMode":false,"pivot":{"x":241.2990264892578,"y":13.674776077270508,"z":174.21607971191407},"rotation":{"x":0.12819203734397889,"y":-0.7135546803474426,"z":0.13648639619350434,"w":0.6753925085067749},"size":20.270980834960939,"orthographic":false}