{"cameraMode":{"drawMode":0,"name":"Shaded","section":"Shading Mode"},"sceneLighting":true,"audioPlay":false,"sceneViewState":{"showFog":true,"showMaterialUpdate":true,"showSkybox":true,"showFlares":true,"showImageEffects":true,"showParticleSystems":true},"in2DMode":false,"pivot":{"x":268.5513916015625,"y":21.071470260620118,"z":165.55038452148438},"rotation":{"x":0.026597026735544206,"y":-0.9350122213363648,"z":0.07413232326507569,"w":0.3462821841239929},"size":1.5789521932601929,"orthographic":false}