{"cameraMode":{"drawMode":0,"name":"Shaded","section":"Shading Mode"},"sceneLighting":false,"audioPlay":false,"sceneViewState":{"showFog":true,"showMaterialUpdate":true,"showSkybox":false,"showFlares":true,"showImageEffects":true,"showParticleSystems":true},"in2DMode":false,"pivot":{"x":0.015333112329244614,"y":0.7944084405899048,"z":-0.458309531211853},"rotation":{"x":-0.0036747725680470468,"y":-0.013470297679305077,"z":-0.000198329275008291,"w":1.000035047531128},"size":0.8374118804931641,"orthographic":false}