{"cameraMode":{"drawMode":0,"name":"Shaded","section":"Shading Mode"},"sceneLighting":true,"audioPlay":false,"sceneViewState":{"showFog":true,"showMaterialUpdate":true,"showSkybox":true,"showFlares":true,"showImageEffects":true,"showParticleSystems":true},"in2DMode":false,"pivot":{"x":247.1320037841797,"y":16.674266815185548,"z":166.41307067871095},"rotation":{"x":0.09026975184679032,"y":-0.8778392672538757,"z":0.18228350579738618,"w":0.4337972402572632},"size":11.408214569091797,"orthographic":false}