{"cameraMode":{"drawMode":0,"name":"Shaded","section":"Shading Mode"},"sceneLighting":true,"audioPlay":false,"sceneViewState":{"showFog":true,"showMaterialUpdate":true,"showSkybox":true,"showFlares":true,"showImageEffects":true,"showParticleSystems":true},"in2DMode":false,"pivot":{"x":267.9974670410156,"y":15.903170585632325,"z":135.44110107421876},"rotation":{"x":-0.012714577838778496,"y":0.9867056608200073,"z":-0.13040244579315186,"w":-0.09621595591306687},"size":22.870540618896486,"orthographic":false}