{"cameraMode":{"drawMode":0,"name":"Shaded","section":"Shading Mode"},"sceneLighting":false,"audioPlay":false,"sceneViewState":{"showFog":true,"showMaterialUpdate":true,"showSkybox":false,"showFlares":true,"showImageEffects":true,"showParticleSystems":true},"in2DMode":false,"pivot":{"x":-0.27400827407836916,"y":2.680000066757202,"z":-0.021993637084960939},"rotation":{"x":0.00007494979945477098,"y":0.997366189956665,"z":-0.07426443696022034,"w":0.0020798707846552135},"size":1.0566444396972657,"orthographic":false}