{"cameraMode":{"drawMode":0,"name":"Shaded","section":"Shading Mode"},"sceneLighting":true,"audioPlay":false,"sceneViewState":{"showFog":true,"showMaterialUpdate":true,"showSkybox":true,"showFlares":true,"showImageEffects":true,"showParticleSystems":true},"in2DMode":false,"pivot":{"x":252.51162719726563,"y":20.724916458129884,"z":175.34609985351563},"rotation":{"x":-0.014183849096298218,"y":0.573998749256134,"z":-0.00994839146733284,"w":-0.8188543319702148},"size":8.467631340026856,"orthographic":false}