{"cameraMode":{"drawMode":0,"name":"Shaded","section":"Shading Mode"},"sceneLighting":false,"audioPlay":false,"sceneViewState":{"showFog":true,"showMaterialUpdate":true,"showSkybox":false,"showFlares":true,"showImageEffects":true,"showParticleSystems":true},"in2DMode":false,"pivot":{"x":1.4776009321212769,"y":0.47848355770111086,"z":-3.5898940563201906},"rotation":{"x":0.006486230529844761,"y":0.8067373037338257,"z":-0.5910824537277222,"w":0.00900233443826437},"size":1.1030981540679932,"orthographic":false}