{"cameraMode":{"drawMode":0,"name":"Shaded","section":"Shading Mode"},"sceneLighting":true,"audioPlay":false,"sceneViewState":{"showFog":true,"showMaterialUpdate":true,"showSkybox":true,"showFlares":true,"showImageEffects":true,"showParticleSystems":true},"in2DMode":false,"pivot":{"x":252.57847595214845,"y":21.00437355041504,"z":175.53805541992188},"rotation":{"x":-0.0006719144294038415,"y":0.5642156004905701,"z":-0.00047590056783519685,"w":-0.8258077502250671},"size":8.467631340026856,"orthographic":false}