{"cameraMode":{"drawMode":0,"name":"Shaded","section":"Shading Mode"},"sceneLighting":true,"audioPlay":false,"sceneViewState":{"showFog":true,"showMaterialUpdate":true,"showSkybox":true,"showFlares":true,"showImageEffects":true,"showParticleSystems":true},"in2DMode":false,"pivot":{"x":253.61160278320313,"y":21.564329147338868,"z":150.22691345214845},"rotation":{"x":-0.13686896860599519,"y":0.038035809993743899,"z":-0.005272831302136183,"w":-0.9898761510848999},"size":2.937868595123291,"orthographic":false}