{"cameraMode":{"drawMode":0,"name":"Shaded","section":"Shading Mode"},"sceneLighting":true,"audioPlay":false,"sceneViewState":{"showFog":true,"showMaterialUpdate":true,"showSkybox":true,"showFlares":true,"showImageEffects":true,"showParticleSystems":true},"in2DMode":false,"pivot":{"x":252.7899932861328,"y":20.790000915527345,"z":150.0},"rotation":{"x":-0.1113104522228241,"y":-0.5229067206382752,"z":0.06911332905292511,"w":-0.8422728776931763},"size":2.020829200744629,"orthographic":false}