{"cameraMode":{"drawMode":0,"name":"Shaded","section":"Shading Mode"},"sceneLighting":true,"audioPlay":false,"sceneViewState":{"showFog":true,"showMaterialUpdate":true,"showSkybox":true,"showFlares":true,"showImageEffects":true,"showParticleSystems":true},"in2DMode":false,"pivot":{"x":246.4073486328125,"y":14.694764137268067,"z":172.2845916748047},"rotation":{"x":-0.23021084070205689,"y":0.6698433756828308,"z":-0.2311684489250183,"w":-0.6670109629631043},"size":11.408214569091797,"orthographic":false}