{"cameraMode":{"drawMode":0,"name":"Shaded","section":"Shading Mode"},"sceneLighting":false,"audioPlay":false,"sceneViewState":{"showFog":true,"showMaterialUpdate":true,"showSkybox":false,"showFlares":true,"showImageEffects":true,"showParticleSystems":true},"in2DMode":false,"pivot":{"x":0.2500000298023224,"y":0.9375,"z":0.01562488079071045},"rotation":{"x":-0.04936281219124794,"y":-0.8605733513832092,"z":0.0849415585398674,"w":-0.49984270334243777},"size":4.176245212554932,"orthographic":false}