{"cameraMode":{"drawMode":0,"name":"Shaded","section":"Shading Mode"},"sceneLighting":true,"audioPlay":false,"sceneViewState":{"showFog":true,"showMaterialUpdate":true,"showSkybox":true,"showFlares":true,"showImageEffects":true,"showParticleSystems":true},"in2DMode":false,"pivot":{"x":241.9169921875,"y":36.943748474121097,"z":157.64700317382813},"rotation":{"x":0.03577657416462898,"y":0.5764212608337402,"z":-0.025263004004955293,"w":0.8160110712051392},"size":27.671451568603517,"orthographic":false}