{"cameraMode":{"drawMode":0,"name":"Shaded","section":"Shading Mode"},"sceneLighting":true,"audioPlay":false,"sceneViewState":{"showFog":true,"showMaterialUpdate":true,"showSkybox":true,"showFlares":true,"showImageEffects":true,"showParticleSystems":true},"in2DMode":false,"pivot":{"x":280.9402770996094,"y":21.3398380279541,"z":163.62603759765626},"rotation":{"x":0.009226207621395588,"y":-0.7144370675086975,"z":-0.00942650344222784,"w":-0.6995816230773926},"size":10.0,"orthographic":false}