{"cameraMode":{"drawMode":0,"name":"Shaded","section":"Shading Mode"},"sceneLighting":true,"audioPlay":false,"sceneViewState":{"showFog":true,"showMaterialUpdate":true,"showSkybox":true,"showFlares":true,"showImageEffects":true,"showParticleSystems":true},"in2DMode":false,"pivot":{"x":233.400146484375,"y":19.707866668701173,"z":160.70176696777345},"rotation":{"x":-0.09379652887582779,"y":0.8778889775276184,"z":-0.19206762313842774,"w":-0.42862629890441897},"size":1.4727890491485596,"orthographic":false}