{"cameraMode":{"drawMode":0,"name":"Shaded","section":"Shading Mode"},"sceneLighting":true,"audioPlay":false,"sceneViewState":{"showFog":true,"showMaterialUpdate":true,"showSkybox":true,"showFlares":true,"showImageEffects":true,"showParticleSystems":true},"in2DMode":false,"pivot":{"x":245.64950561523438,"y":9.33104419708252,"z":185.2501220703125},"rotation":{"x":0.20967093110084535,"y":0.2363586127758026,"z":-0.052308667451143268,"w":0.9473586082458496},"size":26.872596740722658,"orthographic":false}