{"cameraMode":{"drawMode":0,"name":"Shaded","section":"Shading Mode"},"sceneLighting":true,"audioPlay":false,"sceneViewState":{"showFog":true,"showMaterialUpdate":true,"showSkybox":true,"showFlares":true,"showImageEffects":true,"showParticleSystems":true},"in2DMode":false,"pivot":{"x":259.9818115234375,"y":21.33604621887207,"z":166.8076629638672},"rotation":{"x":0.0007393108098767698,"y":0.9987465143203735,"z":0.01566106453537941,"w":-0.050400618463754657},"size":1.4208292961120606,"orthographic":false}