{"cameraMode":{"drawMode":0,"name":"Shaded","section":"Shading Mode"},"sceneLighting":true,"audioPlay":false,"sceneViewState":{"showFog":true,"showMaterialUpdate":true,"showSkybox":true,"showFlares":true,"showImageEffects":true,"showParticleSystems":true},"in2DMode":false,"pivot":{"x":234.474853515625,"y":21.183956146240236,"z":161.3610382080078},"rotation":{"x":0.0038175489753484728,"y":0.9964170455932617,"z":-0.045142631977796558,"w":0.07590750604867935},"size":3.616633176803589,"orthographic":false}