{"cameraMode":{"drawMode":0,"name":"Shaded","section":"Shading Mode"},"sceneLighting":false,"audioPlay":false,"sceneViewState":{"showFog":true,"showMaterialUpdate":true,"showSkybox":false,"showFlares":true,"showImageEffects":true,"showParticleSystems":true},"in2DMode":false,"pivot":{"x":-22.820999145507814,"y":1.656999945640564,"z":-13.986000061035157},"rotation":{"x":-0.012714577838778496,"y":0.9867056608200073,"z":-0.13040244579315186,"w":-0.09621595591306687},"size":1.1068568229675294,"orthographic":false}