{"cameraMode":{"drawMode":0,"name":"Shaded","section":"Shading Mode"},"sceneLighting":true,"audioPlay":false,"sceneViewState":{"showFog":true,"showMaterialUpdate":true,"showSkybox":true,"showFlares":true,"showImageEffects":true,"showParticleSystems":true},"in2DMode":false,"pivot":{"x":229.489990234375,"y":21.400001525878908,"z":162.80799865722657},"rotation":{"x":-0.05145108699798584,"y":0.7144312262535095,"z":-0.05282817408442497,"w":-0.6958169937133789},"size":7.000376224517822,"orthographic":false}