{"cameraMode":{"drawMode":0,"name":"Shaded","section":"Shading Mode"},"sceneLighting":true,"audioPlay":false,"sceneViewState":{"showFog":true,"showMaterialUpdate":true,"showSkybox":true,"showFlares":true,"showImageEffects":true,"showParticleSystems":true},"in2DMode":false,"pivot":{"x":269.4732971191406,"y":21.516952514648439,"z":164.18624877929688},"rotation":{"x":-0.05404549092054367,"y":0.7301210761070252,"z":-0.05862930044531822,"w":-0.678981363773346},"size":1.57895028591156,"orthographic":false}