{"cameraMode":{"drawMode":0,"name":"Shaded","section":"Shading Mode"},"sceneLighting":true,"audioPlay":false,"sceneViewState":{"showFog":true,"showMaterialUpdate":true,"showSkybox":true,"showFlares":true,"showImageEffects":true,"showParticleSystems":true},"in2DMode":false,"pivot":{"x":218.4161834716797,"y":16.486515045166017,"z":154.40126037597657},"rotation":{"x":0.09725698083639145,"y":-0.7675036191940308,"z":0.12033576518297196,"w":0.6223559975624085},"size":15.516160011291504,"orthographic":false}