{"cameraMode":{"drawMode":0,"name":"Shaded","section":"Shading Mode"},"sceneLighting":true,"audioPlay":false,"sceneViewState":{"showFog":true,"showMaterialUpdate":true,"showSkybox":true,"showFlares":true,"showImageEffects":true,"showParticleSystems":true},"in2DMode":false,"pivot":{"x":289.0298767089844,"y":17.524581909179689,"z":170.86683654785157},"rotation":{"x":-0.10164903104305268,"y":-0.5722787380218506,"z":0.07188757508993149,"w":-0.8107290863990784},"size":22.0,"orthographic":false}