{"cameraMode":{"drawMode":0,"name":"Shaded","section":"Shading Mode"},"sceneLighting":true,"audioPlay":false,"sceneViewState":{"showFog":true,"showMaterialUpdate":true,"showSkybox":true,"showFlares":true,"showImageEffects":true,"showParticleSystems":true},"in2DMode":false,"pivot":{"x":252.5364990234375,"y":22.863636016845704,"z":149.53016662597657},"rotation":{"x":-0.3767448365688324,"y":-0.018318811431527139,"z":0.007518521510064602,"w":-0.9262030124664307},"size":2.020829200744629,"orthographic":false}