{"cameraMode":{"drawMode":0,"name":"Shaded","section":"Shading Mode"},"sceneLighting":true,"audioPlay":false,"sceneViewState":{"showFog":true,"showMaterialUpdate":true,"showSkybox":true,"showFlares":true,"showImageEffects":true,"showParticleSystems":true},"in2DMode":false,"pivot":{"x":259.2726135253906,"y":21.254154205322267,"z":166.36907958984376},"rotation":{"x":0.00017472560284659266,"y":0.9995129108428955,"z":-0.005321061238646507,"w":0.03507675230503082},"size":1.4208292961120606,"orthographic":false}