{"cameraMode":{"drawMode":0,"name":"Shaded","section":"Shading Mode"},"sceneLighting":true,"audioPlay":false,"sceneViewState":{"showFog":true,"showMaterialUpdate":true,"showSkybox":true,"showFlares":true,"showImageEffects":true,"showParticleSystems":true},"in2DMode":false,"pivot":{"x":253.93359375,"y":20.462169647216798,"z":172.4351806640625},"rotation":{"x":0.17352363467216493,"y":-0.7103726863861084,"z":0.18951842188835145,"w":0.6556351184844971},"size":1.57895028591156,"orthographic":false}