{"cameraMode":{"drawMode":0,"name":"Shaded","section":"Shading Mode"},"sceneLighting":true,"audioPlay":false,"sceneViewState":{"showFog":true,"showMaterialUpdate":true,"showSkybox":true,"showFlares":true,"showImageEffects":true,"showParticleSystems":true},"in2DMode":false,"pivot":{"x":232.7974853515625,"y":21.493057250976564,"z":155.624267578125},"rotation":{"x":0.08270382136106491,"y":-0.4937739074230194,"z":0.04726564139127731,"w":0.8644044399261475},"size":1.991072416305542,"orthographic":false}