{"cameraMode":{"drawMode":0,"name":"Shaded","section":"Shading Mode"},"sceneLighting":true,"audioPlay":false,"sceneViewState":{"showFog":true,"showMaterialUpdate":true,"showSkybox":true,"showFlares":true,"showImageEffects":true,"showParticleSystems":true},"in2DMode":false,"pivot":{"x":256.6498107910156,"y":21.081340789794923,"z":173.60174560546876},"rotation":{"x":-0.13246752321720124,"y":-0.3923495411872864,"z":0.056076910346746448,"w":-0.9088129997253418},"size":1.57895028591156,"orthographic":false}