{"cameraMode":{"drawMode":0,"name":"Shaded","section":"Shading Mode"},"sceneLighting":true,"audioPlay":false,"sceneViewState":{"showFog":true,"showMaterialUpdate":true,"showSkybox":true,"showFlares":true,"showImageEffects":true,"showParticleSystems":true},"in2DMode":false,"pivot":{"x":264.49029541015627,"y":20.39674949645996,"z":164.67466735839845},"rotation":{"x":0.05062438175082207,"y":0.9108797907829285,"z":-0.11762090772390366,"w":0.3924376666545868},"size":0.6272109746932983,"orthographic":false}