{"cameraMode":{"drawMode":0,"name":"Shaded","section":"Shading Mode"},"sceneLighting":true,"audioPlay":false,"sceneViewState":{"showFog":true,"showMaterialUpdate":true,"showSkybox":true,"showFlares":true,"showImageEffects":true,"showParticleSystems":true},"in2DMode":false,"pivot":{"x":254.35536193847657,"y":20.4992733001709,"z":172.6637420654297},"rotation":{"x":-0.25567153096199038,"y":0.6349408626556397,"z":-0.2367386519908905,"w":-0.6899315714836121},"size":1.57895028591156,"orthographic":false}